N,metodo,erro_medio,desvio
50,Fibonacci,0.06186066181670419,0.0
50,aleatório,0.10546368393406351,0.0032564021061309858
100,Fibonacci,0.031139307764194494,0.0
100,aleatório,0.054306848036505206,0.0022248224142579196
150,Fibonacci,0.020710190479585822,0.0
150,aleatório,0.03990398253611067,0.0010511707867205808
200,Fibonacci,0.015610650593332226,0.0
200,aleatório,0.03018611076478107,0.0016065848425839543
250,Fibonacci,0.012479636163381533,0.0
250,aleatório,0.023676146056866364,0.0010736718238683433
300,Fibonacci,0.01037004596473224,0.0
300,aleatório,0.018903866699551432,0.0005941380516877194
350,Fibonacci,0.008877428473393713,0.0
350,aleatório,0.017120191969374237,0.0002902533001678544
400,Fibonacci,0.00777342606467249,0.0
400,aleatório,0.01518428250578916,0.0005142848003110155
450,Fibonacci,0.006922888669096163,0.0
450,aleatório,0.013511452568319392,0.00040064071588734757
500,Fibonacci,0.006242730713819449,0.0
500,aleatório,0.011833101439422775,0.0002418726769424707
550,Fibonacci,0.005680431097894128,0.0
550,aleatório,0.010622976157330204,0.0002598180263890927
600,Fibonacci,0.005205725298965036,0.0
600,aleatório,0.010236956214324239,8.610341103568213e-05
650,Fibonacci,0.004800754639936431,0.0
650,aleatório,0.009388451888597904,0.0003414734899300239
700,Fibonacci,0.004452503244640649,0.0
700,aleatório,0.00828524586916419,6.934588481279007e-05
750,Fibonacci,0.004150834446208184,0.0
750,aleatório,0.00810856718694311,0.0001748714804374475
800,Fibonacci,0.003887682444856065,0.0
800,aleatório,0.0076113573652755945,0.00010401234142974019
850,Fibonacci,0.003656566596739963,0.0
850,aleatório,0.007109950940967346,0.00012730918398954334
900,Fibonacci,0.003452246163756558,0.0
900,aleatório,0.006574423454123121,0.0002967627903708319
950,Fibonacci,0.003270458957371495,0.0
950,aleatório,0.006179977950348213,5.962866139798272e-05
1000,Fibonacci,0.0031077192056047564,0.0
1000,aleatório,0.005978628632890101,0.0001364560502174356
1050,Fibonacci,0.0029611600304433458,0.0
1050,aleatório,0.005549122134047908,3.0296806769512598e-05
1100,Fibonacci,0.0028284102260642484,0.0
1100,aleatório,0.0054973950227898685,0.00012694357798492389
1150,Fibonacci,0.002707497561913579,0.0
1150,aleatório,0.005248620599800851,4.900416959707938e-05
1200,Fibonacci,0.0025967726277913972,0.0
1200,aleatório,0.005029385935443979,6.222889143115265e-05
1250,Fibonacci,0.00249484861136415,0.0
1250,aleatório,0.004774651789451743,4.1648657585953346e-05
1300,Fibonacci,0.0024005534579304494,0.0
1300,aleatório,0.0045120257034656905,8.358178264182002e-05
1350,Fibonacci,0.0023128921112981304,0.0
1350,aleatório,0.004456072253116664,8.148652900981866e-05
1400,Fibonacci,0.002231054175866572,0.0
1400,aleatório,0.004301826754225924,6.811495239842525e-05
1450,Fibonacci,0.002154443478161423,0.0
1450,aleatório,0.004124889537265303,5.623032404698446e-05
1500,Fibonacci,0.0020825873035999667,0.0
1500,aleatório,0.004012363369410387,4.764131636470668e-05
1550,Fibonacci,0.002015085179838283,0.0
1550,aleatório,0.003846651230530474,5.684677852150594e-05
1600,Fibonacci,0.00195158720327237,0.0
1600,aleatório,0.0036906687868658405,6.77602248317151e-05
1650,Fibonacci,0.0018917820544987528,0.0
1650,aleatório,0.0036299571288416453,8.652027997473867e-05
1700,Fibonacci,0.0018353895931778688,0.0
1700,aleatório,0.003509549088962047,4.299484922277341e-05
1750,Fibonacci,0.0017821558962884735,0.0
1750,aleatório,0.0033621834703616905,6.522205914281161e-05
1800,Fibonacci,0.0017318496967717895,0.0
1800,aleatório,0.0033369309892005775,7.39286177204835e-06
1850,Fibonacci,0.0016842596722061794,0.0
1850,aleatório,0.0032327359668575723,3.4493607585974734e-05
1900,Fibonacci,0.0016391922771524037,0.0
1900,aleatório,0.0032189644127340582,5.5142704643267795e-05
1950,Fibonacci,0.0015964699428587421,0.0
1950,aleatório,0.0030840488282457747,2.026117050933663e-05
2000,Fibonacci,0.001555929538957026,0.0
2000,aleatório,0.0029808376519035638,1.0897009185134196e-05
2050,Fibonacci,0.001517421031812933,0.0
2050,aleatório,0.0029300962276383497,7.081550861328297e-05
2100,Fibonacci,0.001480806297850715,0.0
2100,aleatório,0.002897777806390806,2.6637417342331113e-05
2150,Fibonacci,0.001445958063871823,0.0
2150,aleatório,0.002825858097792079,1.3131516568270876e-05
2200,Fibonacci,0.0014127589547511749,0.0
2200,aleatório,0.0027036784751857425,1.8060076973947368e-05
2250,Fibonacci,0.0013811006338560674,0.0
2250,aleatório,0.002666632693998855,8.433626665335125e-06
2300,Fibonacci,0.0013508830251643459,0.0
2300,aleatório,0.0025967766670709166,2.454390744077806e-05
2350,Fibonacci,0.0013220136079440325,0.0
2350,aleatório,0.00251602601624786,2.545822908208807e-05
2400,Fibonacci,0.0012944067764429283,0.0
2400,aleatório,0.0024716286194611027,2.9108239307538832e-05
2450,Fibonacci,0.0012679832580919368,0.0
2450,aleatório,0.0024094957708409147,2.6605673481515447e-05
2500,Fibonacci,0.001242669584516907,0.0
2500,aleatório,0.0023968378212187113,2.4451551185343295e-05
2550,Fibonacci,0.0012183976103126522,0.0
2550,aleatório,0.0023529338501031504,1.3537308012785456e-05
2600,Fibonacci,0.0011951040751188781,0.0
2600,aleatório,0.002315102087687014,4.088757977435394e-05
2650,Fibonacci,0.001172730204801102,0.0
2650,aleatório,0.0022384509100873947,2.5309015795104134e-05
2700,Fibonacci,0.0011512213482372453,0.0
2700,aleatório,0.002214102278830935,2.3891806468736463e-05
2750,Fibonacci,0.0011305266462419636,0.0
2750,aleatório,0.0021818184453173033,1.864912563104452e-05
2800,Fibonacci,0.001110598729692993,0.0
2800,aleatório,0.0021376787085348073,2.0089460683262453e-05
2850,Fibonacci,0.0010913934441266373,0.0
2850,aleatório,0.002084390221316675,2.3921477642236168e-05
2900,Fibonacci,0.0010728695983523806,0.0
2900,aleatório,0.002056232589535514,4.160310001436925e-05
2950,Fibonacci,0.0010549887348390318,0.0
2950,aleatório,0.0020247404371710486,8.41324223060601e-06
3000,Fibonacci,0.0010377149198635652,0.0
3000,aleatório,0.0019839461403091357,1.0358188984178345e-05
3050,Fibonacci,0.0010210145515978642,0.0
3050,aleatório,0.001959086607130845,1.9208209648229898e-05
3100,Fibonacci,0.0010048561844996954,0.0
3100,aleatório,0.001985132116175383,3.164013236004082e-06
3150,Fibonacci,0.0009892103684208868,0.0
3150,aleatório,0.0019212978396851443,2.0624934052801943e-05
3200,Fibonacci,0.0009740495012928,0.0
3200,aleatório,0.0018743549633530928,2.6187084135788318e-06
3250,Fibonacci,0.0009593476939116191,0.0
3250,aleatório,0.0018255910456957097,1.509490510810871e-05
3300,Fibonacci,0.0009450806458940344,0.0
3300,aleatório,0.001812369457793063,2.5643794258459724e-05
3350,Fibonacci,0.000931225531777196,0.0
3350,aleatório,0.0017740975048317184,7.70306908615633e-06
3400,Fibonacci,0.000917760896272164,0.0
3400,aleatório,0.001751768063976925,8.828849572359548e-06
3450,Fibonacci,0.0009046665579896489,0.0
3450,aleatório,0.0017173203965419246,9.740966194680712e-06
3500,Fibonacci,0.0008919235236601691,0.0
3500,aleatório,0.0017091649152230423,3.428550976162507e-05
3550,Fibonacci,0.0008795143829737639,0.0
3550,aleatório,0.0016890806112084846,7.956743755081036e-06
3600,Fibonacci,0.0008674243003864949,0.0
3600,aleatório,0.0016637828981937242,1.2818386207974045e-05
3650,Fibonacci,0.0008556402708176418,0.0
3650,aleatório,0.0016406635590384766,4.489388192500106e-06
3700,Fibonacci,0.0008441505216160839,0.0
3700,aleatório,0.001608111451913724,5.4270069247945804e-06
3750,Fibonacci,0.000832944233537871,0.0
3750,aleatório,0.0016053346705401596,1.5022282055260756e-05
3800,Fibonacci,0.0008220113624954999,0.0
3800,aleatório,0.0015544611875641116,1.6613676267898838e-06
3850,Fibonacci,0.0008113425136359378,0.0
3850,aleatório,0.0015648908278166618,1.3054446322181647e-05
3900,Fibonacci,0.0008009288475539805,0.0
3900,aleatório,0.0015195925029928864,3.0997653535390194e-05
3950,Fibonacci,0.0007907620082266795,0.0
3950,aleatório,0.0015346846958296412,1.1936668753355174e-05
4000,Fibonacci,0.0007808340661754158,0.0
4000,aleatório,0.0014994142031842033,1.5287745447523328e-05
4050,Fibonacci,0.0007711374728414795,0.0
4050,aleatório,0.001476964142794428,1.4041907368637196e-05
4100,Fibonacci,0.0007616650234434103,0.0
4100,aleatório,0.0014606362243916933,9.12060310745243e-06
4150,Fibonacci,0.0007524098262483165,0.0
4150,aleatório,0.0014714576139351415,1.9971847286845874e-05
4200,Fibonacci,0.0007433652768370879,0.0
4200,aleatório,0.0014303526193326789,1.1518471994004945e-05
4250,Fibonacci,0.0007345250363535011,0.0
4250,aleatório,0.0014021498899843294,1.0456987516648269e-05
4300,Fibonacci,0.0007258830129180476,0.0
4300,aleatório,0.0013872473613833123,1.2720060235627574e-05
4350,Fibonacci,0.0007174333454666164,0.0
4350,aleatório,0.001363145327450854,5.408023458040759e-06
4400,Fibonacci,0.00070917038975563,0.0
4400,aleatório,0.0013560824552634806,2.298805698380452e-05
4450,Fibonacci,0.0007010887059505293,0.0
4450,aleatório,0.0013377912779667846,2.5790546063076588e-06
4500,Fibonacci,0.0006931830475850094,0.0
4500,aleatório,0.001321743446428169,9.223195725405645e-06
4550,Fibonacci,0.0006854483517398902,0.0
4550,aleatório,0.0013139473862929477,1.4593627941773238e-05
4600,Fibonacci,0.0006778797300493558,0.0
4600,aleatório,0.0013017471080924326,6.294556753181407e-06
4650,Fibonacci,0.0006704724606353507,0.0
4650,aleatório,0.0012996665973447627,1.8821476607737378e-05
4700,Fibonacci,0.0006632219806086803,0.0
4700,aleatório,0.0012803999918360276,1.5866979919571875e-05
4750,Fibonacci,0.0006561238792268597,0.0
4750,aleatório,0.0012572937665794436,8.660188245276445e-06
4800,Fibonacci,0.000649173891492718,0.0
4800,aleatório,0.0012460738257440878,1.3284307534887313e-05
4850,Fibonacci,0.0006423678922609005,0.0
4850,aleatório,0.0012365857345886244,2.38124093919733e-05
4900,Fibonacci,0.0006357018906344386,0.0
4900,aleatório,0.0012229279217138786,1.449596597454077e-05
4950,Fibonacci,0.0006291720247350695,0.0
4950,aleatório,0.0012087909514288482,1.1884653242553937e-05
5000,Fibonacci,0.0006227745568099884,0.0
5000,aleatório,0.0012103350192917356,5.240851194492337e-06
