N,repeticao,MSE_sem_ruido,MSE_com_ruido
10,0,0.3783842701957571,0.4004459944867097
10,1,0.258055282521624,0.28033638024900587
10,2,0.39225906227559515,0.4137391498295321
10,3,0.5566859887490481,0.5780835975242188
10,4,0.3852909670581739,0.40833288891615876
10,5,3.289492856401967,3.3225904990265325
10,6,0.18438098136176578,0.20487103592512274
10,7,0.22158049820653825,0.2452509212105039
10,8,0.2457555517980634,0.2674549040363314
10,9,0.3493360569967219,0.37365195984304306
10,10,0.5061069281357508,0.5325256781070814
10,11,0.42389811762703583,0.4462800937563232
10,12,0.13434277899251368,0.15823510296087237
10,13,0.3489881577960511,0.3721356108229816
10,14,0.22291113933565468,0.2439770192604633
10,15,0.38514085104043216,0.40539709997240214
10,16,0.3598627203703495,0.3838980098123005
10,17,0.1544094155385308,0.17726542845281446
10,18,0.6275582041513442,0.6478076065251265
10,19,0.46137761584893255,0.4895507934530744
20,0,0.21292163461846667,0.2340324501952122
20,1,0.34553887879034173,0.3687009242428735
20,2,0.05750674976090617,0.08013102950737132
20,3,0.14870732889958094,0.17029490884493687
20,4,1.1841413804594099,1.2058174122229037
20,5,0.2766016985550169,0.29911063885158545
20,6,0.14493547979755095,0.16722396428507694
20,7,0.04081283932011449,0.06300373534874075
20,8,0.7449029837870852,0.7685065988892399
20,9,0.17161184288832995,0.1950191124148414
20,10,0.3564352792104799,0.3783702099308517
20,11,0.18486037764987656,0.2059098678351503
20,12,0.11557142653999451,0.13715107629179848
20,13,0.5834281576858863,0.6046646449594374
20,14,0.06579200419227825,0.08903167938796704
20,15,0.02361663839003948,0.0459251181722292
20,16,0.08172849255872879,0.10476315727166667
20,17,0.5018437859303828,0.5219576768188136
20,18,0.13284143948741367,0.15295526329414155
20,19,0.05221644323821099,0.07461218377615697
40,0,0.00822624777124043,0.030728362851233575
40,1,0.017132404188939382,0.03955621165108299
40,2,0.016218310673401876,0.03936887869459175
40,3,0.008338316085247474,0.030577004272345183
40,4,0.0107181500201931,0.032496845324243004
40,5,0.06563099265253877,0.08802402760363183
40,6,0.030759083193082945,0.0525721960285912
40,7,0.008654131642605027,0.030895312961423164
40,8,0.0085741116881329,0.03094101260774149
40,9,0.011212722394677504,0.0334623978152947
40,10,0.015582272630853803,0.038220542214229346
40,11,0.01347551270018558,0.03618713423848064
40,12,0.037694136409066485,0.060152252939340047
40,13,0.014452146412677707,0.037292898746520545
40,14,0.014669409327502951,0.03696974974149345
40,15,0.020204505833765797,0.0430167827169392
40,16,0.024871728570050947,0.04697671254513029
40,17,0.014064050144422404,0.036496636330821626
40,18,0.009359882827659628,0.03215971328563011
40,19,0.015542236988295911,0.03821222913804444
80,0,0.008842576277335742,0.030710202344833216
80,1,0.00850824527770747,0.03090327671046735
80,2,0.01102834989636942,0.03383149788757826
80,3,0.0027025432898201856,0.025325741352038487
80,4,0.007323002902392912,0.0296671358016674
80,5,0.003231201781697116,0.025608391241344113
80,6,0.003570866662836372,0.02598730909620192
80,7,0.004652216714847429,0.02747552875451977
80,8,0.004739724123928577,0.027493466999895185
80,9,0.004433855152067785,0.02721508144133027
80,10,0.0035975164789429073,0.025830729362533597
80,11,0.005722609594958503,0.02846279994532089
80,12,0.009440499506307926,0.03144857502157085
80,13,0.004285681370825549,0.02669980307133871
80,14,0.013994352556987003,0.03643570982534302
80,15,0.009994495618107195,0.03219042783293121
80,16,0.004492450457808555,0.026875410851067007
80,17,0.003680685440063226,0.026394874646247218
80,18,0.005138806665809401,0.02778236718243889
80,19,0.004903358334969339,0.027226777762205667
160,0,0.0027082879004089156,0.02496520715757237
160,1,0.00265164786622263,0.024934630579873815
160,2,0.0015010440933218505,0.023914496152882294
160,3,0.0032546590236470115,0.026119172601841243
160,4,0.0014288696305864844,0.023805340600255766
160,5,0.00268987201062687,0.02492705531580097
160,6,0.0023719396755672874,0.024808390509884818
160,7,0.0013790154953408308,0.023738776718925964
160,8,0.0026792330190579202,0.024863762929138167
160,9,0.0036065532495505,0.025694097608853744
160,10,0.0025142984069824246,0.02513445549896066
160,11,0.0030539694119610943,0.0255112328976723
160,12,0.003722557380944056,0.02625757677705859
160,13,0.003541799047510533,0.025744574424849495
160,14,0.002267753074005216,0.024737620151376854
160,15,0.0019421680018021294,0.024461461874411367
160,16,0.0022876737408744864,0.02499036924089423
160,17,0.0036845904294024595,0.026032318176613348
160,18,0.0014733001231827974,0.023663460577491083
160,19,0.0045704877135679025,0.027291754906692393
400,0,0.00027605541391962843,0.02273113004882481
400,1,0.001321993471359337,0.02402452304451356
400,2,0.0005058362976648292,0.02294102436108929
400,3,0.0014920973489938743,0.024130059896981228
400,4,0.0007429489236169688,0.023013263308710178
400,5,0.0006518889018228208,0.02306943009923042
400,6,0.00037159002235734334,0.02279190485128737
400,7,0.0010947397484486754,0.0237270326541593
400,8,0.000986897509084765,0.023368610957244372
400,9,0.0010913336700923211,0.02351401363581885
400,10,0.0013418496146905714,0.02384740883754633
400,11,0.0007959372214237224,0.023238190320536433
400,12,0.00048628465058530055,0.022814285154463883
400,13,0.000261263995926281,0.022685198644567778
400,14,0.0008641013182179668,0.02311382931445297
400,15,0.0008050251069966858,0.02324102567941216
400,16,0.0008968404311598954,0.023399490404845704
400,17,0.0013020019918952696,0.02402242991333976
400,18,0.0007162001486772216,0.023173352480474772
400,19,0.0007231517112946576,0.02324039184364696
1000,0,0.0006094383170380322,0.022928534083522464
1000,1,0.00030398122230193607,0.02277209740224484
1000,2,0.000396065436183807,0.022923633564036663
1000,3,0.0005183771440594192,0.022882237985852764
1000,4,0.00032367722675714304,0.02286605051254692
1000,5,0.00044040734888617903,0.02285955204850473
1000,6,0.0004502351356582695,0.02279589943591889
1000,7,0.00037181520973808373,0.022894176345394514
1000,8,0.00034034658184829854,0.022843921482043478
1000,9,0.00030512832647397947,0.022784171839791596
1000,10,0.00063755554425557,0.02319350384675131
1000,11,0.0006556013075535692,0.02303431809980097
1000,12,0.0004668078173644373,0.022899646927509138
1000,13,0.00031655349111961765,0.02282051865161306
1000,14,0.000381782225164467,0.02279163945337308
1000,15,0.00046230483992265733,0.022964088189896793
1000,16,0.0001942792869406486,0.022615396603598716
1000,17,0.00048016105761859094,0.02290941576832608
1000,18,0.00045005430125426884,0.02295982084283608
1000,19,0.00023129442867044294,0.022551452615530442
2500,0,0.0001618527327656042,0.02261135442155464
2500,1,0.0001222418040377656,0.022587652567430144
2500,2,0.0001308548451616568,0.022541999292293065
2500,3,0.00024088601315344263,0.02262371327962718
2500,4,0.00016826291316829862,0.022651985331091862
2500,5,0.00022946965299109915,0.02267946418241801
2500,6,0.00012538755856661966,0.02252361274414588
2500,7,8.886955815823734e-05,0.022510247796023983
2500,8,0.00012116017534270906,0.022547972653030407
2500,9,0.00013603891365349382,0.0225899669665698
2500,10,0.00019618346719448132,0.022550684164332476
2500,11,0.00013131009279074982,0.022504176701576166
2500,12,8.554046954006862e-05,0.02249675566429394
2500,13,9.441917633265604e-05,0.02253841880784942
2500,14,5.88642847808723e-05,0.022485439854852254
2500,15,5.3233555475833804e-05,0.022442558926174368
2500,16,0.00017294967000527014,0.022583254478463623
2500,17,0.0001930564367066641,0.022654532861468516
2500,18,0.00014855501444965954,0.022629589866388432
2500,19,0.00017002073832643745,0.022578854328634046
5000,0,5.184425651689595e-05,0.022498228449622813
5000,1,3.6713556766916756e-05,0.022453123386709847
5000,2,4.680374794024162e-05,0.022461361628717508
5000,3,0.00010364802270599536,0.022499170111751867
5000,4,7.55084213167297e-05,0.022529154931142093
5000,5,4.5785470530786835e-05,0.02248932942727896
5000,6,3.235100598034694e-05,0.02243127552233768
5000,7,5.399807968019956e-05,0.022502359879978957
5000,8,6.126461665357822e-05,0.022476243381268312
5000,9,0.00011833319521691507,0.022561679114001625
5000,10,5.150756738322567e-05,0.022455159917323622
5000,11,3.433243572956767e-05,0.022453609356755482
5000,12,8.74713217161216e-05,0.02254410823044938
5000,13,8.394128903360109e-05,0.022546764448229673
5000,14,5.565217162935208e-05,0.022492559187284867
5000,15,8.853753878239097e-05,0.02251597934736369
5000,16,5.438200009611834e-05,0.022493995324530884
5000,17,0.00012248630357600252,0.022548025436340605
5000,18,7.466876564895629e-05,0.022511843028744455
5000,19,2.631125535135382e-05,0.022470966934703976
