y1,y2,theta,phi
-7.431066989898681641e+00,4.626722812652587891e+00,9.311925801443895478e-01,1.652466492683413168e+00
-7.236784934997558594e+00,-2.062223196029663086e+00,2.085951986838933347e+00,6.099039974104923267e+00
1.212953329086303711e+00,-6.246820449829101562e+00,3.158266869990192571e+00,4.731075407404299327e+00
-6.237391471862792969e+00,3.104908227920532227e+00,2.057552938785677910e+00,1.381861996649015323e+00
5.252248287200927734e+00,-2.297493696212768555e+00,1.060123681324946832e+00,3.164140768382634139e+00
9.753106236457824707e-01,3.769135951995849609e+00,4.186003101164114781e+00,2.424558224244254490e+00
-7.751630783081054688e+00,3.802516222000122070e+00,1.065379070866575351e+00,1.248724446624367657e+00
-5.018069267272949219e+00,-2.768220663070678711e+00,3.051610076251261017e+00,5.350449174724511536e+00
6.282829046249389648e-01,-6.230067253112792969e+00,3.258850951576415245e+00,4.871707508841081946e+00
-6.722764372825622559e-01,-4.221889019012451172e+00,4.296330413449937602e+00,5.369431639002390177e+00
5.531910896301269531e+00,-2.748290061950683594e+00,1.147675693736740721e+00,3.376960942078887307e+00
-2.540104091167449951e-01,4.338250160217285156e+00,3.706831346702784025e+00,2.315815449416723126e+00
8.219108581542968750e+00,7.908818125724792480e-01,5.797945001963035416e+00,5.007148913965945525e+00
-6.793141365051269531e-01,2.921685457229614258e+00,4.110404581097514942e+00,1.810032565793384229e+00
-8.127113342285156250e+00,1.307915925979614258e+00,1.401236957959854479e+00,6.029095184188155709e-01
-2.624047279357910156e+00,3.384677648544311523e+00,3.404893283858157371e+00,1.722963698327843352e+00
-7.990694522857666016e+00,-1.293147087097167969e+00,1.410709531738642886e+00,1.621696334902198444e-01
3.799035847187042236e-01,-4.845112800598144531e+00,4.131824371366533910e+00,4.738305195880288423e+00
2.602352201938629150e-01,2.854188680648803711e+00,4.416674104832837955e+00,1.978302902580934441e+00
5.098923206329345703e+00,-2.223892927169799805e+00,1.068721517521439068e+00,3.091574804958944878e+00
-2.593441963195800781e+00,-7.863866090774536133e-01,4.316424983941156590e+00,2.386552968974632871e-01
-5.267762660980224609e+00,1.153181433677673340e+00,2.897087575937414616e+00,6.991834286647661267e-01
-5.774010658264160156e+00,-6.210577964782714844e+00,1.240881732454452768e+00,5.316468569893499030e+00
7.527441501617431641e+00,-1.509478688240051270e+00,3.393364761198545687e-01,4.388198104827169210e+00
-1.723642110824584961e+00,2.789479121565818787e-02,4.571561576447030539e+00,6.680970163639035064e-01
6.829514026641845703e+00,-2.715634822845458984e+00,8.175700941839194602e-01,4.043200977730628587e+00
1.256234645843505859e+00,5.229193687438964844e+00,3.504889830957936159e+00,3.076805510409992284e+00
3.293261289596557617e+00,4.604025483131408691e-01,6.147516213569956811e+00,2.356143027262577405e+00
-7.244507312774658203e+00,4.166269674897193909e-02,2.083966755686661010e+00,3.141734339903932138e-01
4.057228088378906250e+00,4.358716011047363281e+00,4.368999661959502845e+00,3.621643893188043251e+00
4.836036205291748047e+00,-5.781167507171630859e+00,2.055522473554129537e+00,4.402132790264392526e+00
2.377462625503540039e+00,-1.393707096576690674e-01,1.521727983215173663e-01,1.886303886104414795e+00
-6.959812641143798828e+00,4.216309547424316406e+00,1.337853446901329457e+00,1.634510959912722106e+00
-7.480997562408447266e+00,9.894959926605224609e-01,1.890336237652279205e+00,6.068733296773504149e-01
-1.640540957450866699e+00,-3.174686908721923828e+00,5.129337052482124015e+00,5.807098735440949788e+00
-5.356670379638671875e+00,4.711936712265014648e-01,2.960580524993918328e+00,4.759559104770257898e-01
6.719359397888183594e+00,-5.097444653511047363e-01,9.182297580460771491e-02,3.872353020510762356e+00
-7.471127986907958984e+00,-1.939240574836730957e+00,1.915329856162789390e+00,6.179217447070085356e+00
6.816705226898193359e+00,2.404367446899414062e+00,5.226945206690579937e+00,4.220187148485815776e+00
-4.242590427398681641e+00,-5.004696249961853027e-01,3.512806563262675486e+00,1.314209297738784810e-01
5.146913051605224609e+00,-1.074872136116027832e+00,5.247624230378546972e-01,3.054278362112659462e+00
-4.007896423339843750e+00,-5.013284683227539062e+00,3.674137263418379984e-01,2.022750534028698033e-01
-5.518986701965332031e+00,2.943442344665527344e+00,2.403239787651872295e+00,1.370823794088156689e+00
9.958057999610900879e-01,-6.001556396484375000e+00,3.336512097902775587e+00,4.695069342851458494e+00
1.052135229110717773e+00,1.768556952476501465e+00,5.092310887327997193e+00,1.841105987568917079e+00
4.085381925106048584e-01,-4.823143005371093750e+00,4.140164092424429398e+00,4.722251238585015720e+00
-6.058157444000244141e+00,1.046316981315612793e+00,2.600861043219306445e+00,6.712635771083909075e-01
2.586733818054199219e+00,6.800126433372497559e-01,5.959460722509809294e+00,2.124950373954392902e+00
-7.538631439208984375e+00,-9.538130760192871094e-01,1.819953560324155895e+00,1.344069631051910130e-01
-2.018497705459594727e+00,4.799341201782226562e+00,2.978925101072348980e+00,2.296610067909531150e+00
-1.928663134574890137e+00,1.718171119689941406e+00,4.079788788967666058e+00,1.253883566830128471e+00
1.135986566543579102e+00,-6.180333614349365234e+00,3.210224570240514108e+00,4.725498680414693453e+00
-2.615533590316772461e+00,-1.949051499366760254e+00,4.381118426797244503e+00,6.007227653787212240e+00
-4.477288246154785156e+00,-3.790491521358489990e-01,3.418677398833714243e+00,1.653691301157260984e-01
4.903354167938232422e+00,-4.926614284515380859e+00,1.953440025814493497e+00,3.940977385100361996e+00
-4.795623779296875000e+00,-5.978495121002197266e+00,7.202122927980657563e-01,5.750928053979573740e+00
3.658369183540344238e-01,5.078806877136230469e+00,3.444124412011506209e+00,2.754447949504044590e+00
-2.566622018814086914e+00,1.788065314292907715e+00,3.856309376507117026e+00,1.207430458762727588e+00
-4.172709465026855469e+00,2.530484795570373535e-01,3.467712717921641818e+00,4.370416454214327007e-01
4.626160621643066406e+00,-4.957215785980224609e+00,2.059698110359190260e+00,3.885192293784867523e+00
-7.353841304779052734e+00,5.243295669555664062e+00,7.583137223378469960e-01,1.827298221979747561e+00
8.990566134452819824e-01,-9.906864166259765625e-01,6.278533200129261083e+00,1.023150986064737200e+00
1.521512985229492188e+00,-1.221041604876518250e-01,6.131013010528649332e+00,1.523474483731441120e+00
-7.708358764648437500e+00,2.546692848205566406e+00,1.504685708999652149e+00,9.710631216043773550e-01
-7.664520263671875000e+00,-5.155121684074401855e-01,1.760778894595906197e+00,2.264482598122715962e-01
5.533699035644531250e+00,-3.569140732288360596e-01,1.544073547317624251e-01,3.268150963829136391e+00
-4.282566547393798828e+00,-2.455601692199707031e+00,3.474804780373920821e+00,5.530317292748076596e+00
-4.805163860321044922e+00,-1.338166594505310059e-01,3.274699994546912851e+00,2.543788807819034048e-01
-4.735795974731445312e+00,3.402334690093994141e+00,2.599449537310066560e+00,1.605357188337640961e+00
5.378147602081298828e+00,3.328984260559082031e+00,4.895487734209877040e+00,3.704862821111110538e+00
-6.928597450256347656e+00,-2.685412168502807617e+00,2.237016202726811009e+00,5.795819349745730875e+00
-6.825455188751220703e+00,-2.931132555007934570e+00,2.229258494069345620e+00,5.650364331318973754e+00
7.192767143249511719e+00,-3.296545743942260742e+00,8.422957371639380186e-01,4.374691184262909260e+00
6.660701751708984375e+00,-3.649838209152221680e+00,1.061202041132613072e+00,4.163546141534964384e+00
-1.460850238800048828e+00,1.994095563888549805e+00,4.159716059462962967e+00,1.391244626428973286e+00
-3.816401958465576172e+00,-6.310787200927734375e+00,3.398958299082991963e-01,5.398323130497514555e+00
2.428818702697753906e+00,4.476317882537841797e+00,4.101907046426630288e+00,3.075074604942301004e+00
-1.944962739944458008e+00,-1.065631151199340820e+00,4.631658846320874545e+00,2.678816616415204965e-01
3.711392164230346680e+00,-3.869633674621582031e-01,3.819449178197551475e-01,2.427642496543230166e+00
1.265007019042968750e+00,-7.200192213058471680e-01,1.126384073997743346e-01,1.226332596048830714e+00
1.011459469795227051e+00,8.680406808853149414e-01,5.444800560358342700e+00,1.601776198099596815e+00
1.207570433616638184e+00,-8.442949652671813965e-01,1.388099710593195257e-01,1.172302460501750465e+00
-1.697105288505554199e+00,-3.847748041152954102e+00,5.431585223758660597e+00,5.613466668735042298e+00
5.047138214111328125e+00,3.141819238662719727e-01,6.179390930521462266e+00,3.108257102889138590e+00
3.422397971153259277e-01,-5.025464534759521484e+00,4.041934810631488517e+00,4.765016683225598904e+00
8.909990191459655762e-01,5.335962772369384766e+00,3.346808491129531937e+00,3.049136355708005564e+00
4.246822834014892578e+00,3.138078689575195312e+00,4.942429226850967083e+00,3.169060569331258126e+00
-4.668368816375732422e+00,-5.759878158569335938e+00,6.665119787769694382e-01,5.873233242672435850e+00
7.993066906929016113e-01,2.287987232208251953e+00,4.804971637305747834e+00,1.936714058552143181e+00
6.188645839691162109e+00,-5.413217067718505859e+00,1.513069084351085225e+00,4.641409365035524814e+00
-6.192690849304199219e+00,1.971222281455993652e+00,2.384435524216091284e+00,9.694091999967586748e-01
1.176633238792419434e+00,-5.491152286529541016e+00,3.591689867903532285e+00,4.434730741820463784e+00
-6.731066703796386719e+00,-4.046959400177001953e+00,1.797929552884329318e+00,5.393070848555065133e+00
5.408021926879882812e+00,-5.374509334564208984e+00,1.835165597211103394e+00,4.347468239336927276e+00
-3.717520475387573242e+00,2.691336393356323242e+00,3.201983650136439152e+00,1.407241290344613871e+00
-2.957982540130615234e+00,4.648100376129150391e+00,2.731726649246330574e+00,2.209248451949282099e+00
6.317061901092529297e+00,1.601947069168090820e+00,5.606127939465752164e+00,3.865582538946118252e+00
-6.794312477111816406e+00,3.873778820037841797e+00,1.551975677349335614e+00,1.561940464949284069e+00
-4.958882629871368408e-01,5.216804981231689453e+00,3.144646595554842605e+00,2.632066276137044358e+00
6.959016323089599609e+00,2.631547152996063232e-01,6.091115087055947619e+00,4.094484316909114519e+00
2.040030002593994141e+00,-3.221153840422630310e-02,6.273011046304581839e+00,1.760909702180201375e+00
7.642182350158691406e+00,8.053593635559082031e-01,5.830788358682418071e+00,4.590662908064843784e+00
-3.936387300491333008e+00,-2.110234022140502930e+00,3.676031481074811147e+00,5.699089489961749244e+00
-6.846943855285644531e+00,1.147338986396789551e+00,2.215335764218403281e+00,6.682602485974515893e-01
1.196827888488769531e+00,1.203175902366638184e+00,5.368208549871993363e+00,1.729210385572140796e+00
-1.212328374385833740e-01,-6.319250464439392090e-01,5.549395883134262242e+00,8.039176473685910596e-01
-1.938690900802612305e+00,-2.257256031036376953e+00,4.735697087761704616e+00,6.036646116505532511e+00
-4.388325214385986328e+00,3.563592433929443359e+00,2.677590448299087988e+00,1.666227987888370343e+00
-7.267196178436279297e+00,4.824224472045898438e+00,9.182215992455906584e-01,1.742465805596952189e+00
1.272852420806884766e+00,4.913556575775146484e+00,3.684343452799346164e+00,2.939098778349400032e+00
-1.034086227416992188e+00,-1.417940855026245117e+00,5.225617812010739271e+00,3.495576553072398673e-01
-3.926355123519897461e+00,-4.818058609962463379e-01,3.639573042509086864e+00,1.562579370184001837e-01
5.253199100494384766e+00,5.687674134969711304e-02,6.267493334875419819e+00,3.173831759178231682e+00
2.664796352386474609e+00,3.446935415267944336e+00,4.585780121837663259e+00,2.739682511920026098e+00
-6.325971603393554688e+00,4.418221473693847656e+00,1.568009671484255962e+00,1.838805527287893371e+00
-6.386263370513916016e+00,2.891475677490234375e+00,2.058948565850803547e+00,1.306955403658742298e+00
-2.009659290313720703e+00,6.057555079460144043e-01,4.319881452772090569e+00,8.333702450190817457e-01
5.694003582000732422e+00,2.733923435211181641e+00,5.189405768658414964e+00,3.699618537321858192e+00
4.529152870178222656e+00,4.030782222747802734e+00,4.563596227483317058e+00,3.601320039658708172e+00
4.915191173553466797e+00,3.167325019836425781e+00,4.966504741529101707e+00,3.427973845723922164e+00
6.059768676757812500e+00,6.954391598701477051e-01,5.992120303037717477e+00,3.638290105245598927e+00
5.942994356155395508e-01,-9.080522656440734863e-01,6.048640342831276939e+00,9.455093628931382499e-01
-4.027248382568359375e+00,-1.832404255867004395e+00,3.662852203874142010e+00,5.810119460969269234e+00
4.380266189575195312e+00,-4.415899753570556641e+00,2.080645743193612507e+00,3.567225056559926166e+00
4.997592449188232422e+00,4.292640686035156250e-01,6.137809844142782190e+00,3.098575293834194166e+00
-6.722616672515869141e+00,5.912696838378906250e+00,6.522730333865585095e-01,2.221360673648876016e+00
-1.300473690032958984e+00,-3.785252332687377930e+00,5.286668327981935533e+00,5.413976095167218006e+00
8.058599472045898438e+00,-1.762961000204086304e-01,6.229600958139148936e+00,4.817866753644081790e+00
2.936405897140502930e+00,-4.991221427917480469e+00,2.936703480947322031e+00,3.688875320552420956e+00
-2.017815113067626953e+00,-7.964813709259033203e-01,4.564867339439791394e+00,3.383970032577546250e-01
7.316719293594360352e-01,-6.260657787322998047e+00,3.233262660150801437e+00,4.848274368752291785e+00
4.451134681701660156e+00,-4.458223819732666016e+00,2.055358082216139692e+00,3.602759062207804952e+00
-5.787390232086181641e+00,1.472572088241577148e+00,2.622670783915179271e+00,7.925844660621812476e-01
-2.283539295196533203e+00,-1.756710410118103027e+00,4.533124927559250672e+00,6.160037249188757613e+00
-6.222993850708007812e+00,-5.017653942108154297e+00,1.295956126353884130e+00,6.094883510544296890e+00
-4.360643386840820312e+00,-4.739806175231933594e+00,5.397547336441266275e-01,4.264244671335645775e-01
-6.191388130187988281e+00,5.023112297058105469e+00,1.411792976389532051e+00,2.101434963060264227e+00
-2.099396467208862305e+00,-2.283084154129028320e+00,4.650554273137404770e+00,5.983900384238339143e+00
4.226871490478515625e+00,4.555028676986694336e-02,8.432086674142995342e-02,2.697240360057554298e+00
5.525237560272216797e+00,-1.771845102310180664e+00,7.669767398890982024e-01,3.233026978666799334e+00
-3.101110935211181641e+00,3.406074047088623047e+00,3.245749272252185680e+00,1.702749227352688743e+00
7.317009925842285156e+00,2.957016229629516602e+00,4.795840366311230341e+00,4.629166719843521349e+00
6.894425392150878906e+00,-1.079606890678405762e+00,2.494569051576846774e-01,3.938562384219594925e+00
-2.188449144363403320e+00,-2.441611051559448242e+00,4.612588404881119430e+00,5.901501442343771053e+00
-3.399513959884643555e+00,4.087702274322509766e+00,2.857598292435253651e+00,1.938527466223913809e+00
-3.076109886169433594e+00,9.131860136985778809e-01,3.840129696103266266e+00,8.317623026820273324e-01
-5.078660488128662109e+00,-5.614408969879150391e+00,8.323753729635688936e-01,5.947758810414644159e+00
2.414845675230026245e-01,2.286938428878784180e+00,4.649436954708197511e+00,1.798245142027869559e+00
-2.514045238494873047e+00,1.168773770332336426e+00,3.998521699160188625e+00,9.751865149008164257e-01
-6.685914516448974609e+00,-4.674803733825683594e+00,1.497206144638595138e+00,5.996202853511809039e+00
3.188534498214721680e+00,2.233749628067016602e+00,5.235289161662239898e+00,2.601215776372394206e+00
5.334859848022460938e+00,-4.314106464385986328e+00,1.695433791728414352e+00,3.780294071549233248e+00
-4.601677894592285156e+00,-7.192215323448181152e-01,3.396781702670155667e+00,4.559853574497308576e-02
6.890831470489501953e+00,-2.166625499725341797e+00,6.179053988045664081e-01,4.004872799346101964e+00
7.657492637634277344e+00,2.046932935714721680e+00,5.244745595512125824e+00,4.669621048370094840e+00
6.390084624290466309e-01,1.699323415756225586e+00,5.005492753837364361e+00,1.709798962272145229e+00
-6.020621657371520996e-01,1.108110785484313965e+00,4.788559031307752178e+00,1.219390289986573839e+00
-4.260085582733154297e+00,1.729934692382812500e+00,3.238175935819108897e+00,1.020725148414318051e+00
3.992886304855346680e+00,-4.459912776947021484e+00,2.274669656907994497e+00,3.507917844593737566e+00
-6.166415214538574219e+00,-5.518411159515380859e+00,1.328930572831453549e+00,5.581042294494872102e+00
1.105583071708679199e+00,-4.405359745025634766e+00,4.153812672187898514e+00,4.254937683175842089e+00
-4.138125419616699219e+00,3.494722127914428711e+00,2.785386433231133552e+00,1.652772408024098194e+00
3.582369089126586914e+00,-7.437846660614013672e-01,6.014799438404249132e-01,2.357286364470981166e+00
-5.084780216217041016e+00,1.879014730453491211e+00,2.849716714168589515e+00,1.004107568603527900e+00
-9.460174441337585449e-01,4.741450309753417969e+00,3.321097532597480750e+00,2.360696200592164562e+00
2.675029754638671875e+00,1.100312590599060059e+00,5.752158272044919585e+00,2.229585944064478298e+00
7.057249546051025391e+00,1.376974940299987793e+00,5.653403051023533799e+00,4.238183172559554457e+00
-2.758221626281738281e+00,5.198109626770019531e+00,2.483880908176162361e+00,2.526788324303761879e+00
-7.147346019744873047e+00,-3.527735471725463867e+00,1.835726049791118530e+00,5.745592474300361019e+00
-2.454581022262573242e+00,1.510001271963119507e-01,4.225608254020245980e+00,6.047018567090138852e-01
5.890707492828369141e+00,-6.187403202056884766e+00,1.624130192936515726e+00,4.877654999106282752e+00
6.196100711822509766e+00,-1.601314783096313477e+00,5.454953018523194253e-01,3.564847953820198700e+00
-5.276989459991455078e+00,-4.872516155242919922e+00,9.527724697297280665e-01,2.471631914673479424e-01
-3.211203813552856445e+00,5.303735136985778809e-01,3.848255852117237641e+00,6.764835165315626897e-01
-5.735735416412353516e+00,5.023555755615234375e+00,1.613992326855299808e+00,2.163088244297779461e+00
-6.238477706909179688e+00,1.573404371738433838e-01,2.598463340766509422e+00,3.290647163132118802e-01
-1.301719903945922852e+00,-4.780556634068489075e-02,4.775769041578632468e+00,7.134201590646012114e-01
-5.976553559303283691e-01,7.974177002906799316e-01,4.877740951063417540e+00,1.130079973802294191e+00
-7.041076183319091797e+00,-1.698364496231079102e+00,2.187395747922261879e+00,6.148961858177380613e+00
5.589590072631835938e+00,-8.692502379417419434e-01,3.638214122264114558e-01,3.257833271026897570e+00
-7.396745681762695312e+00,4.846822738647460938e+00,8.708829342645548754e-01,1.721021517631710740e+00
-4.780882835388183594e+00,-5.943936824798583984e+00,7.133321154142219234e-01,5.769811466225318597e+00
-7.139757633209228516e+00,-3.947960615158081055e+00,1.681456504829783816e+00,5.881837710963404575e+00
3.535789489746093750e+00,-2.972501039505004883e+00,2.026853922604006542e+00,2.722465166090336286e+00
5.250203609466552734e+00,-1.138717412948608398e+00,5.327934050108529274e-01,3.095678793608330093e+00
-2.362429857254028320e+00,-2.150097846984863281e+00,4.522345148145524796e+00,5.979525374832670437e+00
-7.851216793060302734e+00,2.297244548797607422e+00,1.484501752191434321e+00,8.816072832266519388e-01
-4.070662498474121094e+00,4.976794421672821045e-01,3.485182207354427852e+00,5.443387295355722744e-01
2.648861885070800781e+00,4.708703994750976562e+00,4.045084556987658786e+00,3.242357578439989396e+00
-5.866657570004463196e-02,-5.398261547088623047e+00,3.828330103513551741e+00,5.030768723740879800e+00
2.939843893051147461e+00,-5.521023273468017578e+00,2.877350266440909632e+00,3.962026806169005155e+00
1.847536683082580566e+00,1.179426312446594238e+00,5.551535908312922096e+00,1.952551597909300884e+00
5.007670521736145020e-01,-7.938430309295654297e-01,5.969726568619818430e+00,9.450098198940064531e-01
-4.290900230407714844e+00,5.054619312286376953e+00,2.131443744894271131e+00,2.341604004543163864e+00
1.744447588920593262e+00,5.211805820465087891e+00,3.623837358943632569e+00,3.203180410590044769e+00
5.079131603240966797e+00,1.046885848045349121e+00,5.892312589988433658e+00,3.190888004594345961e+00
-2.170006752014160156e+00,-2.332873106002807617e+00,4.620035606179796694e+00,5.950967477639784953e+00
-7.738753318786621094e+00,1.703148484230041504e+00,1.639872636228649982e+00,7.442958524787923746e-01
6.178320884704589844e+00,-5.793325901031494141e+00,1.533969147317159942e+00,4.810283376088438700e+00
7.357069015502929688e+00,2.407337427139282227e+00,5.113795233315729050e+00,4.530202051812279862e+00
-1.293473243713378906e+00,5.474359989166259766e+00,2.690925017980039247e+00,2.784058685088772744e+00
-3.027973651885986328e+00,1.040822029113769531e+00,3.838986356892567287e+00,8.743392771778275563e-01
-1.685359239578247070e+00,-5.739937424659729004e-01,4.687200481603229107e+00,4.711658333496098194e-01
4.019248962402343750e+00,-1.135054469108581543e+00,7.901724096977653655e-01,2.510840219220849434e+00
3.148718833923339844e+00,3.175132513046264648e+00,4.766822703661460991e+00,2.803123756140608602e+00
3.807857036590576172e-01,1.831419944763183594e+00,4.885098962490763697e+00,1.690079390627650335e+00
6.452466011047363281e+00,-2.920705318450927734e+00,9.402674863677913386e-01,3.890388261747445675e+00
-5.689118862152099609e+00,-6.069039344787597656e+00,1.171436638897249694e+00,5.435661612842751289e+00
-4.215775430202484131e-01,1.637688755989074707e+00,4.678667004801684293e+00,1.430145470684740294e+00
3.552661180496215820e+00,-5.049906253814697266e+00,2.581003251712390423e+00,3.744392789879139372e+00
6.373561859130859375e+00,1.542248964309692383e+00,5.625295435192290583e+00,3.887654522189748718e+00
6.512978076934814453e+00,1.762401819229125977e+00,5.556256051481447855e+00,3.954310265338178976e+00
-7.818205356597900391e-01,-5.138161778450012207e-01,5.154290780775286684e+00,6.750170932861420114e-01
-6.914443969726562500e+00,5.287210464477539062e+00,9.189208819313638976e-01,1.998181324752875021e+00
1.066580057144165039e+00,1.204142451286315918e+00,5.328384125893109058e+00,1.694260936524437211e+00
-4.087477684020996094e+00,-6.911320209503173828e+00,6.822970968550782223e-01,5.070545998736941229e+00
-2.002418756484985352e+00,-3.631824493408203125e+00,5.527293603386563170e+00,6.002509125620733244e+00
-7.763803482055664062e+00,1.524339437484741211e+00,1.645131451394229893e+00,6.996178782026634124e-01
4.872319698333740234e+00,-6.655977249145507812e+00,1.967501520681250948e+00,4.949393505304883867e+00
3.898014307022094727e+00,9.793530106544494629e-01,5.887630426325260125e+00,2.676506753614044332e+00
4.527239874005317688e-02,5.191542506217956543e-01,5.214315841961459697e+00,1.198807124661326551e+00
-6.880362033843994141e+00,2.467513561248779297e+00,1.935132939962564524e+00,1.109558726289268771e+00
3.941506624221801758e+00,-4.949819564819335938e+00,2.374379745364579630e+00,3.741290675603957450e+00
7.339745044708251953e+00,1.072828173637390137e+00,5.745715689922642255e+00,4.397278341756350351e+00
-2.946500778198242188e+00,4.139130003750324249e-03,4.035792740438374437e+00,4.876760956227174648e-01
4.105050265789031982e-01,1.406069159507751465e+00,5.044802631146274585e+00,1.576066594544627941e+00
-5.323328495025634766e+00,-5.869346618652343750e+00,9.552556331686220537e-01,5.732173373327236199e+00
2.680188894271850586e+00,5.801369667053222656e+00,3.393381396303258413e+00,3.886824901855246761e+00
6.148996353149414062e+00,2.150315999984741211e+00,5.436789015079813936e+00,3.814000284408920471e+00
3.071327447891235352e+00,-4.312215328216552734e+00,2.818598263793452574e+00,3.355390335391080114e+00
-2.303123474121093750e+00,-7.622502446174621582e-01,4.441534534858289973e+00,2.994558639135117550e-01
3.817713499069213867e+00,-2.129614591598510742e+00,1.415577820797808695e+00,2.551026014188797930e+00
-5.993820667266845703e+00,1.396311521530151367e+00,2.568246725832938004e+00,7.705255879021232213e-01
-7.659326076507568359e+00,4.831874370574951172e+00,7.717042958501221239e-01,1.649024138454649346e+00
5.578216075897216797e+00,-5.796307563781738281e+00,1.780540703239261280e+00,4.618182231796811088e+00
-6.823399662971496582e-01,-2.452737808227539062e+00,5.896640629802126554e+00,1.585481927394740143e-01
1.091826915740966797e+00,3.068774223327636719e+00,4.512317108907147656e+00,2.259904410530532815e+00
-3.347536087036132812e+00,-5.230392456054687500e+00,4.750455271451880374e-02,6.123658777937554198e+00
1.666632771492004395e+00,4.855162143707275391e+00,3.787393035695532539e+00,3.004716858233114962e+00
5.857738494873046875e+00,1.726104617118835449e+00,5.569048037095136294e+00,3.683395883414818606e+00
1.544001221656799316e+00,-6.288511276245117188e+00,3.029329258623343346e+00,4.683979939677710647e+00
3.639272212982177734e+00,-5.323706150054931641e+00,2.540131643478684698e+00,3.888803051983480419e+00
-5.317510128021240234e+00,6.748815178871154785e-01,2.946924370553305472e+00,5.362040956709168693e-01
7.657851219177246094e+00,-2.697190940380096436e-01,6.233110044166003227e+00,4.505993451742474676e+00
-4.205866336822509766e+00,-5.595249176025390625e+00,4.624999202968998468e-01,6.015665742628154788e+00
6.727712631225585938e+00,1.111474275588989258e+00,5.777689716347357951e+00,4.033831158333685885e+00
-6.141008377075195312e+00,1.669051766395568848e+00,2.470893124428057419e+00,8.584086276911164770e-01
2.371417760848999023e+00,5.327118873596191406e+00,3.661110648773497900e+00,3.513056530394022214e+00
-7.989981174468994141e+00,3.055666446685791016e+00,1.179775709787989735e+00,9.970792020911980469e-01
-5.354463577270507812e+00,4.764056682586669922e+00,1.868349109691929799e+00,2.085382117407312386e+00
4.893893718719482422e+00,-4.313502311706542969e+00,1.843268998671725001e+00,3.650890137639196453e+00
1.439427882432937622e-01,-1.182155251502990723e+00,5.851023221092169990e+00,7.221065199756599995e-01
7.415749549865722656e+00,-6.650502979755401611e-02,6.175456112218768112e+00,4.355501356959839754e+00
5.366388320922851562e+00,-4.287961483001708984e+00,1.680850111394315949e+00,3.782128626642290214e+00
4.088696956634521484e+00,-4.046655178070068359e+00,2.148677894335491168e+00,3.328441549965623469e+00
-5.590532302856445312e+00,-5.253794193267822266e+00,1.048376174941930916e+00,6.169050042487110197e+00
4.027297973632812500e+00,4.900630474090576172e+00,4.130017461630478337e+00,3.934789608601927391e+00
5.922077178955078125e+00,-6.052074909210205078e+00,1.630689166373568311e+00,4.830162533985616236e+00
-6.823413848876953125e+00,-3.588713705539703369e-01,2.315691354751157061e+00,2.002813699968492567e-01
-4.195583820343017578e+00,3.130787611007690430e+00,2.891293144692204553e+00,1.531391355608578086e+00
3.272586345672607422e+00,1.272582769393920898e+00,5.721586506417480678e+00,2.478085591199052029e+00
-5.764092445373535156e+00,-2.203868627548217773e+00,2.813176918950149208e+00,5.718537656076511766e+00
7.303300857543945312e+00,-1.933724880218505859e+00,4.650160940771008722e-01,4.258492309602052828e+00
5.010321617126464844e+00,-2.707547187805175781e+00,1.282022836326636162e+00,3.136453747028326688e+00
-1.627978563308715820e+00,-2.630209445953369141e+00,5.029963799411445002e+00,6.041334287659056557e+00
-3.492975950241088867e+00,-3.826961815357208252e-01,3.831919616920513860e+00,2.452301958188471132e-01
6.214123249053955078e+00,6.367722153663635254e-01,5.999115610183525682e+00,3.706500606144087495e+00
2.185110807418823242e+00,5.443875789642333984e+00,3.567989962723299158e+00,3.508188480342510740e+00
-9.643947333097457886e-02,-3.993510961532592773e+00,4.677781413950102163e+00,5.000191480473005434e+00
1.025376081466674805e+00,-5.262512683868408203e+00,3.754825825968974407e+00,4.432926883277292340e+00
-2.507352828979492188e+00,-1.250126123428344727e+00,4.391762627007186559e+00,7.852265223838945929e-02
8.220018386840820312e+00,6.939705014228820801e-01,5.837111680170965933e+00,5.007121134098567516e+00
-9.719057381153106689e-02,5.171114921569824219e+00,3.299714371861917517e+00,2.675064349534163721e+00
1.417948603630065918e+00,2.494602441787719727e+00,4.841738955273036993e+00,2.179918886730584759e+00
-3.212272167205810547e+00,-1.771353483200073242e+00,4.047150136443183222e+00,5.963116946163363963e+00
2.730322360992431641e+00,4.605516910552978516e+00,4.102297529701548484e+00,3.217972321464463992e+00
-6.256297111511230469e+00,5.518087863922119141e+00,1.152474630849614767e+00,2.293233173457795981e+00
6.295034885406494141e+00,3.176410675048828125e+00,4.890673258054907713e+00,4.111995765080500576e+00
-7.381324291229248047e+00,5.064086437225341797e+00,8.127564706823005025e-01,1.776354366067047330e+00
4.567861855030059814e-01,-5.445765972137451172e+00,3.794468465158859605e+00,4.744709173563248505e+00
2.319096565246582031e+00,2.897870540618896484e+00,4.788335670614733530e+00,2.511372302162085735e+00
-2.832610845565795898e+00,-5.094359874725341797e+00,6.132352644965117783e+00,5.924180327542774904e+00
-5.110726356506347656e+00,-2.671813011169433594e+00,3.035799495473509246e+00,5.391323963666668106e+00
6.956555843353271484e+00,-3.080321311950683594e+00,8.655031308039681237e-01,4.176366468023429590e+00
3.988213300704956055e+00,6.795034557580947876e-02,9.846998354598607284e-02,2.600773989425163801e+00
-4.463427066802978516e+00,4.149964809417724609e+00,2.432503981526088488e+00,1.878743999129102393e+00
4.534527063369750977e-01,5.072325706481933594e+00,3.457209441585762377e+00,2.777728310995533967e+00
-3.983401536941528320e+00,-2.246779680252075195e+00,3.637340398213730452e+00,5.639260372725106940e+00
6.669449806213378906e+00,-1.038403511047363281e+00,2.615055520158317548e-01,3.822109431006935676e+00
-5.399670600891113281e+00,-3.074412584304809570e+00,2.774256285322929561e+00,5.186261126198362881e+00
-4.617202758789062500e+00,-5.970615863800048828e+00,6.551920054879970534e-01,5.752391361092091593e+00
-4.899054050445556641e+00,5.045625686645507812e+00,1.939964085647960301e+00,2.278716571121719880e+00
-4.265121459960937500e+00,7.584475874900817871e-01,3.386615387493104645e+00,6.261564570765538740e-01
-4.457924842834472656e+00,2.564768791198730469e-01,3.364243541289253070e+00,4.137331624641451544e-01
5.562999725341796875e+00,2.341003417968750000e+00,5.354307989040619553e+00,3.592305525512152542e+00
-5.636075496673583984e+00,4.057082176208496094e+00,1.992802379992001383e+00,1.779289684012536066e+00
6.272758007049560547e+00,-2.798179864883422852e+00,9.564860614146396545e-01,3.777492903115553524e+00
-5.624415397644042969e+00,-1.261422276496887207e+00,2.923466857350681014e+00,6.103484071588568760e+00
-6.847917556762695312e+00,7.574812769889831543e-01,2.255839888635627233e+00,5.488861612910703736e-01
4.201334953308105469e+00,-5.587563037872314453e+00,2.287063056804206074e+00,4.144769836703623866e+00
7.773023128509521484e+00,1.614803314208984375e+00,5.437826836852195811e+00,4.715293976024248934e+00
-7.562961101531982422e+00,3.508249521255493164e+00,1.276481208249665933e+00,1.241254927578270051e+00
-3.540923118591308594e+00,-1.218129277229309082e+00,3.879020767236586842e+00,6.177953743101585182e+00
8.420835494995117188e+00,1.916476607322692871e+00,5.117817256642252843e+00,5.204604258586146059e+00
-4.462324619293212891e+00,2.445401430130004883e+00,3.001992958055946126e+00,1.277156652961910721e+00
-2.771264314651489258e-01,-3.964439868927001953e+00,4.694384926092130428e+00,5.078764754776529777e+00
6.732983112335205078e+00,2.995330333709716797e+00,4.909208253482672646e+00,4.302870831140893415e+00
-3.258372545242309570e+00,-1.012438058853149414e+00,3.992797632543237718e+00,1.666845185412369965e-02
-7.982075214385986328e+00,-2.623523771762847900e-01,1.517281049975868212e+00,2.924893762985418810e-01
4.966539382934570312e+00,-5.892298698425292969e+00,2.014426587156996629e+00,4.492387130645394855e+00
3.006660938262939453e+00,3.331201672554016113e-01,6.193805817207209685e+00,2.228555650766977259e+00
6.973174095153808594e+00,-3.325505971908569336e+00,8.961418500243186758e-01,4.247235317893915507e+00
-6.637103557586669922e-01,-1.543349266052246094e+00,5.457413682188398063e+00,3.905694967573083987e-01
-1.998005434870719910e-02,-4.688032150268554688e+00,4.251966712033062201e+00,4.952649989437588829e+00
4.193221569061279297e+00,2.007663726806640625e+00,5.435451537061214644e+00,2.930051027979074352e+00
4.947546482086181641e+00,2.272409200668334961e+00,5.373296237734039416e+00,3.284980927015416885e+00
-6.077910423278808594e+00,-3.593252182006835938e+00,2.216066347880077281e+00,5.096054818113170626e+00
7.164875864982604980e-01,-5.488955497741699219e+00,3.714720241341471940e+00,4.622795968995780491e+00
7.158152580261230469e+00,1.894556879997253418e+00,5.420095330522456401e+00,4.343488013656993552e+00
7.625758051872253418e-01,-3.756070137023925781e-01,5.956285390358590170e+00,1.137817112005266029e+00
2.876788675785064697e-01,1.378085136413574219e+00,5.020485580723464736e+00,1.536972272046270405e+00
-2.499020099639892578e+00,-4.475745677947998047e+00,5.884217277280404446e+00,6.071923093234329549e+00
-4.063391208648681641e+00,2.527826070785522461e+00,3.122233657053854028e+00,1.333939647465970157e+00
1.762863755226135254e+00,4.428581237792968750e+00,4.005552477479978890e+00,2.841672094509815505e+00
-6.152670383453369141e+00,-4.984952926635742188e+00,1.264078563725078652e+00,6.195399694377761612e+00
4.323966026306152344e+00,-3.484034299850463867e+00,1.876717998755472294e+00,3.127104708497224106e+00
-4.724603891372680664e-01,3.498059034347534180e+00,3.969425415476119046e+00,2.022248216661881592e+00
-1.061447616666555405e-02,2.893395900726318359e+00,4.327348411939453854e+00,1.932925061568564473e+00
-3.314095973968505859e+00,3.258600831031799316e-02,3.875822411913018684e+00,4.495687776523455415e-01
3.297714471817016602e+00,3.419358253479003906e+00,4.687366101938468255e+00,2.911779277423196532e+00
-3.621340751647949219e+00,-6.084673881530761719e+00,2.294910681731195390e-01,5.513407777557759459e+00
1.762266755104064941e+00,3.110291361808776855e-01,5.972194863885583516e+00,1.705710820070730493e+00
-5.451206207275390625e+00,-4.862579345703125000e+00,1.014258997517433869e+00,2.313348205965711779e-01
2.159475803375244141e+00,1.457401275634765625e+00,5.487362581003387696e+00,2.128331740150483320e+00
6.096907615661621094e+00,-4.460158824920654297e+00,1.432301516185212620e+00,4.166746338814989237e+00
5.646682262420654297e+00,3.896613597869873047e+00,4.581557503249783281e+00,4.094840554051793369e+00
6.036304473876953125e+00,1.980049371719360352e+00,5.491713333477236780e+00,3.764665682176646655e+00
-1.097866773605346680e+00,-1.310889363288879395e+00,5.168920091765286884e+00,3.632910986350748050e-01
3.761643886566162109e+00,-2.717580080032348633e+00,1.780281912919852605e+00,2.673360762792385881e+00
4.547975063323974609e+00,3.293557405471801758e+00,4.904752376742462339e+00,3.304879438645524914e+00
5.519870281219482422e+00,-6.153714179992675781e+00,1.790089223830422460e+00,4.756331164981557613e+00
-3.203796148300170898e+00,-4.698508262634277344e+00,6.258960540689903596e+00,1.869555467531225090e-01
-2.619354963302612305e+00,9.882640242576599121e-01,3.991343207899202383e+00,9.048242895399492003e-01
-3.050901174545288086e+00,-5.154703140258789062e+00,6.213007321786039761e+00,6.025811104520530037e+00
8.566643714904785156e+00,6.901983022689819336e-01,5.794147379332797776e+00,5.258296337648832086e+00
5.815138339996337891e+00,1.947338581085205078e+00,5.495048230982913395e+00,3.676502382876768227e+00
7.576126098632812500e+00,-1.805682301521301270e+00,4.084781824313459819e-01,4.450522133416191295e+00
6.646679878234863281e+00,-4.649156093597412109e+00,1.221317107392455359e+00,4.532768519728239021e+00
9.808037281036376953e-01,5.832231521606445312e+00,3.057447673192044135e+00,3.304371778617345878e+00
9.719927906990051270e-01,-7.492867112159729004e-01,6.222540835853357599e+00,1.100887331415749681e+00
-1.707572460174560547e+00,-4.256976127624511719e+00,5.561633467230471695e+00,5.468387425937731194e+00
-7.237891674041748047e+00,5.400928974151611328e+00,7.356607433396130657e-01,1.908719107913483315e+00
1.262247800827026367e+00,3.580931425094604492e-01,5.773262026234620592e+00,1.543474835174217352e+00
8.340860366821289062e+00,1.355517268180847168e+00,5.463851760023287873e+00,5.118740863534370078e+00
-6.475078582763671875e+00,-3.379889488220214844e+00,2.204502087209839090e+00,5.292455313872133971e+00
5.831232547760009766e+00,2.662056207656860352e+00,5.218228040518233080e+00,3.742819922899649043e+00
7.166659832000732422e+00,-2.714063405990600586e+00,7.513983890589417403e-01,4.229421424620332992e+00
-3.991211652755737305e+00,1.453474998474121094e+00,3.389900792933577378e+00,9.388336957329995736e-01
-4.830730557441711426e-01,-3.773764848709106445e+00,4.856979326197937930e+00,5.133960281876228215e+00
4.383550167083740234e+00,3.148232221603393555e+00,4.948516474127578668e+00,3.213906200523622747e+00
3.478090524673461914e+00,1.269519329071044922e+00,5.733253258486340265e+00,2.551134451529986524e+00
-3.558025598526000977e+00,5.073318004608154297e+00,2.338925888752983351e+00,2.413150822153707686e+00
-8.242934226989746094e+00,4.108018875122070312e+00,5.860053740094067765e-01,1.152950255957486236e+00
7.591305971145629883e-01,-7.013806700706481934e-01,6.083700083408354331e+00,1.043300948478715462e+00
-6.280094623565673828e+00,-2.983856678009033203e+00,2.413878232697202808e+00,5.416206399258872928e+00
1.534373760223388672e+00,5.632643699645996094e+00,3.317936666829012893e+00,3.348035115808166928e+00
5.362160205841064453e+00,-3.198463201522827148e+00,1.351685211475991411e+00,3.402672674649384277e+00
-5.404094696044921875e+00,2.545490741729736328e+00,2.542078888778208867e+00,1.237423428699231831e+00
4.270300388336181641e+00,2.712484359741210938e+00,5.116942780190600892e+00,3.078421097441894183e+00
9.761203527450561523e-01,-4.298802852630615234e+00,4.270056298828851737e+00,4.342784541939932907e+00
-2.454385459423065186e-01,-6.677000522613525391e-01,5.487655871348231962e+00,7.606743219990890204e-01
-4.987273216247558594e+00,-2.060767650604248047e+00,3.183069091124977046e+00,5.691217778858645993e+00
2.862717628479003906e+00,-5.492431640625000000e+00,2.913279307427682152e+00,3.953499229693987704e+00
3.327727079391479492e+00,5.100589275360107422e+00,3.952563448285763670e+00,3.752687478192191506e+00
-2.279875516891479492e+00,-3.675656914710998535e-01,4.399326144994859966e+00,4.318263022614066693e-01
4.469115734100341797e+00,1.288528203964233398e+00,5.767165904031009482e+00,2.946847740350793998e+00
-3.643493413925170898e+00,8.977900147438049316e-01,3.625899963548726568e+00,7.649514601116759183e-01
7.468194007873535156e+00,-1.188055396080017090e+00,2.529267180530539449e-01,4.313421147617272133e+00
-4.680260658264160156e+00,-6.832980632781982422e+00,8.818349377295313651e-01,5.141431128712752319e+00
4.913113594055175781e+00,-3.969304323196411133e+00,1.767415572971319238e+00,3.530784979222817643e+00
4.860038757324218750e+00,-3.604327201843261719e+00,1.684986720816247230e+00,3.363352457833066023e+00
-8.894733190536499023e-01,2.635073423385620117e+00,4.140472990370932749e+00,1.688383919249156984e+00
3.431024312973022461e+00,-3.501769781112670898e+00,2.360919750387937111e+00,2.953289965070450940e+00
2.168604850769042969e+00,-6.900835037231445312e+00,2.528798191016163877e+00,4.947080247428327304e+00
1.907462239265441895e+00,-5.826309204101562500e+00,3.178705318467974106e+00,4.311482416362578896e+00
5.018387317657470703e+00,-4.066830158233642578e+00,1.753236896223767882e+00,3.597301845222597105e+00
-8.027391433715820312e+00,3.476514101028442383e+00,9.969886025030151311e-01,1.065640534751842505e+00
-6.155850887298583984e+00,-3.571757793426513672e+00,2.208131176242564830e+00,5.124260644227475403e+00
-5.644503116607666016e+00,6.540490388870239258e-01,2.825939374601324605e+00,5.372370505261944151e-01
-6.721560001373291016e+00,-2.364576101303100586e+00,2.372800104347088546e+00,5.852998064574461701e+00
-2.078670740127563477e+00,-4.309954166412353516e+00,5.688253931882456982e+00,5.698848469326886601e+00
-6.224075794219970703e+00,-2.085215568542480469e+00,2.625165693693177982e+00,5.852401110593619116e+00
-7.530784130096435547e+00,4.333978176116943359e+00,1.001232732359006450e+00,1.520994630769319400e+00
3.955965518951416016e+00,2.508821725845336914e+00,5.190226129459619919e+00,2.923049145828848783e+00
2.967087030410766602e-01,1.191334605216979980e+00,5.079294745687878532e+00,1.484972465734835323e+00
5.175725460052490234e+00,-6.270971775054931641e+00,1.932412443208796127e+00,4.735846174690421684e+00
-3.852151870727539062e+00,-8.542147278785705566e-01,3.711184023120863262e+00,2.873174225505116530e-02
5.596874713897705078e+00,-1.700497984886169434e+00,7.201623825372427401e-01,3.262810265538979237e+00
-6.423759937286376953e+00,-2.549633026123046875e+00,2.467319361657344778e+00,5.684674725730737066e+00
-1.263995934277772903e-02,-5.511515617370605469e+00,3.772134992276344079e+00,5.021241633407067972e+00
-1.180419564247131348e+00,5.211092948913574219e+00,2.923062423919100539e+00,2.605248001255853652e+00
-2.185801267623901367e-01,-1.962279796600341797e+00,5.961688968579303527e+00,3.709548990213299979e-01
-1.603041291236877441e+00,-3.127387762069702148e+00,5.388960567068743934e+00,6.086548513664243210e+00
-5.626841068267822266e+00,2.268241643905639648e+00,2.523918022719585874e+00,1.123677791016732597e+00
-2.199665546417236328e+00,4.283358573913574219e+00,3.184027380143980235e+00,2.073787879592165151e+00
-3.053851842880249023e+00,-5.558440685272216797e+00,6.239576095243638321e+00,5.725847146054372061e+00
5.792757511138916016e+00,-7.344707846641540527e-01,2.822089247941358958e-01,3.357140728104255345e+00
7.540700435638427734e-01,5.546022415161132812e+00,3.194900810867252972e+00,3.117547502038726215e+00
-3.379852771759033203e+00,1.275659441947937012e+00,3.669453731202680036e+00,9.181581194472204777e-01
-2.000107765197753906e+00,-3.903601646423339844e+00,5.557345376403289627e+00,5.809138714114042479e+00
-4.779719352722167969e+00,1.235995531082153320e+00,3.099784780473902490e+00,7.744927380414295959e-01
3.215293169021606445e+00,-3.732674598693847656e+00,2.575637175135585544e+00,3.070908868306580608e+00
-7.349708080291748047e+00,2.849475860595703125e+00,1.607242483620535900e+00,1.132928438190209608e+00
4.814414501190185547e+00,-1.225326538085937500e+00,6.599344990246510667e-01,2.890825213084162737e+00
2.801110744476318359e+00,-6.040881633758544922e+00,2.757044662654359879e+00,4.316585456685793076e+00
-4.374618530273437500e+00,-6.249376296997070312e+00,5.745995401877415087e-01,5.543555835287751421e+00
-6.291150450706481934e-01,-1.229609608650207520e+00,5.406160758804559485e+00,4.878079482127342659e-01
-5.841095924377441406e+00,2.396205186843872070e+00,2.416197289987641383e+00,1.156954040329832178e+00
2.808155536651611328e+00,-4.429088592529296875e+00,3.000648483972737868e+00,3.447285669845564282e+00
3.638054132461547852e+00,4.568234920501708984e+00,4.253217736143274585e+00,3.574422560617290578e+00
5.166047573089599609e+00,2.321552276611328125e+00,5.358085915119378484e+00,3.401495102457738451e+00
-6.805513381958007812e+00,5.761312484741210938e+00,7.334863792411026040e-01,2.183287161736579662e+00
3.690696954727172852e+00,3.339118957519531250e+00,4.778760905093738742e+00,3.018538840300368342e+00
-1.537582993507385254e+00,4.230569362640380859e+00,3.413251652153991067e+00,2.097445042257018777e+00
-6.883626461029052734e+00,-4.298185348510742188e+00,1.649717101802758989e+00,5.756812089255613607e+00
-6.038114070892333984e+00,4.784150600433349609e+00,1.566269943687472743e+00,2.030275978540769355e+00
-6.114571094512939453e+00,1.174514174461364746e+00,2.562650372111974661e+00,7.095722563440711728e-01
4.540922164916992188e+00,1.953776359558105469e+00,5.479852250907832456e+00,3.054855702448191046e+00
-4.470325946807861328e+00,-2.311806917190551758e+00,3.413618249909649016e+00,5.571340936014096634e+00
4.166813373565673828e+00,4.845196723937988281e+00,4.154317588355168844e+00,3.954401398384870259e+00
-7.049337387084960938e+00,1.807958960533142090e+00,1.994983236775498492e+00,8.681388115810327877e-01
-1.005431041121482849e-01,2.237512350082397461e+00,4.563381998503196257e+00,1.712911350159107116e+00
-5.710549354553222656e+00,-3.343167543411254883e+00,2.488973079308224090e+00,5.093377568564198654e+00
-6.051710128784179688e+00,-3.017627239227294922e+00,2.485350591172259982e+00,5.327483253763671378e+00
-6.668334484100341797e+00,4.825929164886474609e+00,1.243225184334335376e+00,1.919760511971427608e+00
-5.880869925022125244e-02,7.399067282676696777e-01,5.103666011240952649e+00,1.237089505002076928e+00
4.040807247161865234e+00,-3.625912427902221680e+00,2.062773616114658815e+00,3.109442962812845046e+00
-4.504832267761230469e+00,-7.270644903182983398e-01,3.432346633365295219e+00,4.854873107777486069e-02
-7.016416192054748535e-01,1.250434964895248413e-01,5.019147324028303103e+00,8.858247004571552230e-01
6.603243350982666016e+00,-4.244773387908935547e+00,1.217298160240618543e+00,4.347263264804216654e+00
6.713441371917724609e+00,-4.877973556518554688e+00,1.190831216940445136e+00,4.662937386374712112e+00
5.937723159790039062e+00,-5.468373298645019531e+00,1.630867477216708439e+00,4.578411802912927264e+00
2.806103467941284180e+00,6.107109189033508301e-01,6.024053550818987190e+00,2.194533273846773103e+00
2.504153251647949219e+00,-5.621796607971191406e+00,3.024188767010964618e+00,4.061348101528985843e+00
3.314860105514526367e+00,4.175625324249267578e+00,4.371807105150442574e+00,3.233123008784297703e+00
-7.702597618103027344e+00,2.315683364868164062e+00,1.554100778685053585e+00,9.195063108985468414e-01
-1.660840630531311035e+00,-2.996914386749267578e+00,4.927726827637715523e+00,5.750587264234606089e+00
-4.027784347534179688e+00,-5.087788581848144531e+00,3.748451842996478045e-01,1.474570543692129976e-01
-5.067461490631103516e+00,3.027834415435791016e+00,2.564188003482910094e+00,1.441838810994246378e+00
-4.858783245086669922e+00,2.877824902534484863e-01,3.196058694383606458e+00,4.093545613313448461e-01
